Workbook

Sheet Instructions
A1: Deal Qualification Framework Instructions
A3: This workbook helps evaluate deal opportunities against Enfrasys capabilities and risks.
A5: How to use each step:
A6: 1. Deal Overview: Fill in basic information such as customer name, project name, contact details, sector, project timeline, procurement type and key technical requirements. Fields marked with * are required.
A7: 2. Requirements Map: For each service area listed, select YES if the customer requires it, otherwise select NO. This drives the capability matching in Step 3.
A8: 3. Capability Match: Rate Enfrasys capability for each service (Team Skills & Certifications, Tools & Licenses, Project Experience) on a 1–5 scale (1=Very Low, 5=Excellent). Scores are averaged automatically.
A9: 4. Risk Assessment: Score each risk factor on a 1–5 scale (1=Low risk, 5=High risk) for development, time and operations dimensions. The sheet calculates dimension averages.
A10: 5. Qualification Score: Review the weighted risk score and recommendations. Weights for Development, Time and Operations risk can be adjusted in the Settings sheet.
A12: Use Data Validation and drop‑downs to ensure consistency and prevent invalid entries. Cells containing formulas are protected from editing. If you need to change the weights, go to the Settings sheet and ensure the sum equals 1.

Sheet 📋 Cover
B2: ENFRASYS GROUP
B3: Technical Deal Qualification Framework
B7: Microsoft Gold Partner · Cloud · Modern Work · Security · Managed Services
B10: HOW TO USE THIS TOOL
B12: 1 Deal Overview | C12: Fill in customer name, sector, deal value and timeline in the '1 Deal Overview' tab.
B13: Fill in customer name, sector, deal value and timeline in the '1 Deal Overview' tab.
B15: 2 Requirements Map | C15: Tick all services the customer requires. The tool maps these to Enfrasys' capability areas.
B16: Tick all services the customer requires. The tool maps these to Enfrasys' capability areas.
B18: 3 Capability Match | C18: Rate Enfrasys' skills, tools & experience for each selected service (1–5 scale).
B19: Rate Enfrasys' skills, tools & experience for each selected service (1–5 scale).
B21: 4 Risk Assessment | C21: Score each risk factor (1=Low, 5=High) across Development, Time and Operations dimensions.
B22: Score each risk factor (1=Low, 5=High) across Development, Time and Operations dimensions.
B24: 5 Qualification Score | C24: View the auto-calculated RAG score, dimension breakdown, risk flags and recommendation.
B25: View the auto-calculated RAG score, dimension breakdown, risk flags and recommendation.

Sheet 1 Deal Overview
B2: STEP 1 — Deal Overview
B3: Enter details about this opportunity. Fields with * are required.
B5: 🏢 Customer Information
B7: Customer / Organisation Name * | D7: Opportunity / Project Name *
B8: e.g. Kementerian Kewangan Malaysia | D8: e.g. Cloud Migration Phase 1
B9: Primary Contact Name | D9: Deal Stage
B10: e.g. Encik Ahmad bin Razak
B11: Primary Contact Role * | D11: Estimated Deal Value (RM) *
B13: Sector * | D13: Project Timeline *
B15: Procurement Type | D15: Submission / Deadline Date
B18: 📝 Key Technical Requirements & Notes
B19: Describe the top 3–5 technical requirements the customer is asking for:

Sheet 2 Requirements Map
B2: STEP 2 — Requirements Map
B3: Select YES for each service area the customer requires. This drives the Capability Match sheet.
B5: Service Area | C5: Description | D5: Required?
B6: ☁️ Cloud & Infrastructure
B7: Cloud Migration | C7: Lift & shift, re-platform or re-architect to Azure | D7: YES
B8: Azure Infrastructure | C8: IaaS, PaaS, VMs, networking, storage on Azure | D8: YES
B9: Hybrid / Multi-Cloud | C9: On-premise + cloud integration, Azure Arc, ExpressRoute | D9: NO
B10: Backup & Disaster Recovery | C10: Azure Backup, Site Recovery, business continuity | D10: YES
B11: 💻 Modern Work & Productivity
B12: Microsoft 365 | C12: Exchange, Teams, SharePoint, OneDrive deployment | D12: YES
B13: Modern Workplace | C13: Windows 365, AVD, Intune, device management | D13: NO
B14: Power Platform | C14: Power Apps, Power Automate, Power BI | D14: YES
B15: Application Modernization | C15: Legacy app re-architecture, containers, microservices | D15: NO
B16: 🔒 Security & Compliance
B17: Zero Trust Security | C17: Identity, conditional access, MFA, Microsoft Sentinel | D17: YES
B18: Endpoint & Threat Protection | C18: Defender suite, EDR/XDR, threat hunting | D18: NO
B19: Compliance & Governance | C19: PDPA, ISO 27001, data classification, Purview | D19: NO
B20: Identity & Access Management | C20: Azure AD, SSO, PIM, B2B/B2C identity | D20: NO
B21: 📊 Data & Managed Services
B22: Data & Analytics | C22: Azure Data Factory, Synapse, Fabric, IoT, AI/ML | D22: YES
B23: Managed Services | C23: NOC/SOC, L1–L3 support, SLA-based operations | D23: YES
B24: Advisory & Strategy | C24: Digital roadmap, architecture design, change management | D24: NO
B25: Training & Adoption | C25: End-user training, LMS, change adoption programmes | D25: NO
B27: Total Services Selected: | D27: =COUNTIF(D6:D25,"YES")

Sheet 3 Capability Match
B2: STEP 3 — Capability Match
B3: Rate Enfrasys' readiness for each service (1=Very Low 2=Low 3=Moderate 4=High 5=Excellent)
B5: Service Area | C5: Team Skills & Certs (1–5) | D5: Tools & Licenses (1–5) | E5: Project Experience (1–5) | F5: Avg Cap. Score
B6: ☁️ Cloud & Infrastructure
B7: Cloud Migration | C7: 4 | D7: 4 | E7: 4 | F7: =AVERAGE(C7:E7)
B8: Azure Infrastructure | C8: 4 | D8: 4 | E8: 4 | F8: =AVERAGE(C8:E8)
B9: Hybrid / Multi-Cloud | C9: =IF('2 Requirements Map'!D9="YES",3,"-") | D9: =IF('2 Requirements Map'!D9="YES",3,"-") | E9: =IF('2 Requirements Map'!D9="YES",3,"-") | F9: =IF('2 Requirements Map'!D9="YES",IFERROR((C9+D9+E9)/3,"-"),"-")
B10: Backup & Disaster Recovery | C10: 4 | D10: 4 | E10: 4 | F10: =AVERAGE(C10:E10)
B11: 💻 Modern Work & Productivity
B12: Microsoft 365 | C12: 4 | D12: 4 | E12: 4 | F12: =AVERAGE(C12:E12)
B13: Modern Workplace | C13: =IF('2 Requirements Map'!D13="YES",3,"-") | D13: =IF('2 Requirements Map'!D13="YES",3,"-") | E13: =IF('2 Requirements Map'!D13="YES",3,"-") | F13: =IF('2 Requirements Map'!D13="YES",IFERROR((C13+D13+E13)/3,"-"),"-")
B14: Power Platform | C14: 3 | D14: 3 | E14: 3 | F14: =AVERAGE(C14:E14)
B15: Application Modernization | C15: =IF('2 Requirements Map'!D15="YES",3,"-") | D15: =IF('2 Requirements Map'!D15="YES",3,"-") | E15: =IF('2 Requirements Map'!D15="YES",3,"-") | F15: =IF('2 Requirements Map'!D15="YES",IFERROR((C15+D15+E15)/3,"-"),"-")
B16: 🔒 Security & Compliance
B17: Zero Trust Security | C17: 3 | D17: 3 | E17: 3 | F17: =AVERAGE(C17:E17)
B18: Endpoint & Threat Protection | C18: =IF('2 Requirements Map'!D18="YES",3,"-") | D18: =IF('2 Requirements Map'!D18="YES",3,"-") | E18: =IF('2 Requirements Map'!D18="YES",3,"-") | F18: =IF('2 Requirements Map'!D18="YES",IFERROR((C18+D18+E18)/3,"-"),"-")
B19: Compliance & Governance | C19: =IF('2 Requirements Map'!D19="YES",3,"-") | D19: =IF('2 Requirements Map'!D19="YES",3,"-") | E19: =IF('2 Requirements Map'!D19="YES",3,"-") | F19: =IF('2 Requirements Map'!D19="YES",IFERROR((C19+D19+E19)/3,"-"),"-")
B20: Identity & Access Management | C20: =IF('2 Requirements Map'!D20="YES",3,"-") | D20: =IF('2 Requirements Map'!D20="YES",3,"-") | E20: =IF('2 Requirements Map'!D20="YES",3,"-") | F20: =IF('2 Requirements Map'!D20="YES",IFERROR((C20+D20+E20)/3,"-"),"-")
B21: 📊 Data & Managed Services
B22: Data & Analytics | C22: 4 | D22: 3 | E22: 3 | F22: =AVERAGE(C22:E22)
B23: Managed Services | C23: 4 | D23: 4 | E23: 4 | F23: =AVERAGE(C23:E23)
B24: Advisory & Strategy | C24: =IF('2 Requirements Map'!D24="YES",3,"-") | D24: =IF('2 Requirements Map'!D24="YES",3,"-") | E24: =IF('2 Requirements Map'!D24="YES",3,"-") | F24: =IF('2 Requirements Map'!D24="YES",IFERROR((C24+D24+E24)/3,"-"),"-")
B25: Training & Adoption | C25: =IF('2 Requirements Map'!D25="YES",3,"-") | D25: =IF('2 Requirements Map'!D25="YES",3,"-") | E25: =IF('2 Requirements Map'!D25="YES",3,"-") | F25: =IF('2 Requirements Map'!D25="YES",IFERROR((C25+D25+E25)/3,"-"),"-")
B27: Overall Capability Score (selected services only): | F27: =IFERROR(AVERAGEIF('2 Requirements Map'!D6:D25,"YES",F6:F25),"-")
B28: Score guide: 1–2.4 = Low (red) | 2.5–3.9 = Moderate (amber) | 4–5 = Strong (green)

Sheet 4 Risk Assessment
B2: STEP 4 — Risk Assessment Matrix
B3: Score each risk factor 1 (Low Risk) → 5 (High Risk). These are formula-driven in the results sheet.
B5: Risk Factor | C5: Score (1–5) | D5: Guidance
B6: ⚙️ DEVELOPMENT RISK
B7: Skill availability for this engagement | C7: 2 | D7: 1 = Team fully capable | 3 = Partial gap, upskilling needed | 5 = Critical skill gap
B8: Tool & technology readiness | C8: 2 | D8: 1 = All tools/licenses ready | 3 = Some procurement needed | 5 = Major procurement required
B9: Third-party / vendor dependency | C9: 2 | D9: 1 = Fully self-sufficient | 3 = Some 3rd party reliance | 5 = Heavy vendor dependency
B10: Solution complexity & innovation | C10: 3 | D10: 1 = Standard off-the-shelf solution | 3 = Custom build required | 5 = Highly novel / R&D needed
B12: ⏱️ TIME RISK
B13: Deadline feasibility | C13: 3 | D13: 1 = Comfortable timeline | 3 = Tight but achievable | 5 = Deadline is not achievable
B14: Resource & team availability | C14: 3 | D14: 1 = Full team available now | 3 = Partial availability | 5 = No bandwidth at all
B15: Procurement & approval lead time | C15: 3 | D15: 1 = No blockers expected | 3 = Some govt approvals needed | 5 = Long approval cycles expected
B16: Concurrent project load | C16: 2 | D16: 1 = Team is free | 3 = Managing 1–2 other projects | 5 = Severely overloaded
B18: 🔧 OPERATIONS RISK
B19: SLA commitment feasibility | C19: 2 | D19: 1 = SLAs easily met with current team | 3 = Stretch but possible | 5 = Cannot meet SLAs
B20: Post-delivery support capacity | C20: 2 | D20: 1 = Full support capacity available | 3 = Partial capacity | 5 = No support bandwidth
B21: Customer IT maturity | C21: 3 | D21: 1 = Highly capable IT team | 3 = Moderate maturity | 5 = Very low — high support burden
B22: Escalation & runbook readiness | C22: 3 | D22: 1 = Fully documented playbooks | 3 = Partial docs | 5 = No runbooks exist
B24: 📊 Dimension Averages (auto-calculated)
B25: ⚙️ Development Risk (35% weight) | C25: =AVERAGE(C7:C10) | D25: Weight: 35%
B26: ⏱️ Time Risk (35% weight) | C26: =AVERAGE(C13:C16) | D26: Weight: 35%
B27: 🔧 Operations Risk (30% weight) | C27: =AVERAGE(C19:C22) | D27: Weight: 30%

Sheet 5 Qualification Score
B2: STEP 5 — Qualification Score
B3: Auto-calculated from all inputs. Review the RAG result and recommendation below.
B5: 📋 Deal Summary
B6: CUSTOMER | C6: OPPORTUNITY | D6: SECTOR
B7: ='1 Deal Overview'!C8 | C7: ='1 Deal Overview'!E8 | D7: ='1 Deal Overview'!C12
B8: DEAL VALUE | C8: TIMELINE | D8: SERVICES
B9: ='1 Deal Overview'!E12 | C9: ='1 Deal Overview'!E14 | D9: =COUNTIF('2 Requirements Map'!D6:D26,"YES")&" selected"
B12: 🎯 Overall Qualification Score
B13: Weighted Risk Score (1–5 scale)
B14: =IFERROR(ROUND((('4 Risk Assessment'!C25*0.7+IFERROR((6-'3 Capability Match'!F27),2.5)*0.3)*$D$19 + '4 Risk Assessment'!C26*$D$20 + '4 Risk Assessment'!C27*$D$21),2),"N/A") | C14: =IF(ISNUMBER(B14),IF(B14<=2.5,"🟢 PROCEED — LOW RISK",IF(B14<=3.5,"🟡 PROCEED WITH CAUTION","🔴 HIGH RISK — ESCALATE")),"Complete all steps first")
C15: Score out of 5.00 | 1–2.5 = GREEN (Proceed) | 2.5–3.5 = AMBER (Caution) | 3.5–5 = RED (Escalate)
B17: 📊 Dimension Breakdown
B18: Dimension | C18: Raw Score | D18: Weight | E18: Weighted
B19: ⚙️ Development Risk | C19: ='4 Risk Assessment'!C25 | D19: =Settings!B2 | E19: =C19*D19
B20: ⏱️ Time Risk | C20: ='4 Risk Assessment'!C26 | D20: =Settings!B3 | E20: =C20*D20
B21: 🔧 Operations Risk | C21: ='4 Risk Assessment'!C27 | D21: =Settings!B4 | E21: =C21*D21
B22: Capability Score (overall): | C22: ='3 Capability Match'!F27 | D22: Higher = better capability alignment
B24: 🚩 Automated Risk Flags
B25: =IF('4 Risk Assessment'!C21>=4,"⚠ CRITICAL: Skill gap detected — subcontract or upskill before committing","✓ Skill gap risk within acceptable range")
B26: =IF('4 Risk Assessment'!C22>=4,"⚠ HIGH: Deadline appears infeasible — renegotiate scope or timeline","✓ Deadline risk is manageable")
B27: =IF('4 Risk Assessment'!C23>=4,"⚠ HIGH: No resource bandwidth — resolve capacity conflict first","✓ Resource availability is adequate")
B28: =IF('4 Risk Assessment'!C23>=4,"⚠ CRITICAL: SLA commitments exceed ops capacity — escalate to Head of Operations","✓ SLA commitments are feasible")
B29: =IF('4 Risk Assessment'!C25>=4,"⚠ AMBER: Low customer IT maturity — build extra support cost into commercial","✓ Customer IT maturity is manageable")
B30: =IF('3 Capability Match'!F27<2.5,"⚠ CRITICAL: Overall capability score too low — consider scoping down or partnering","✓ Capability level is sufficient for this deal")
B32: 📌 Recommendation
B33: =IF(ISNUMBER(B14),IF(B14<=2.5,"PROCEED: This deal is well-aligned with Enfrasys capabilities. Assign a Solution Architect to lead the technical response. Draft SOW with clearly defined scope boundaries to prevent scope creep. Apply standard delivery governance.",IF(B14<=3.5,_xlfn._LONGTEXT("PROCEED WITH CAUTION: Address all flagged risk items before committing. Confirm resource availability with the delivery lead. Obtain management sign-off on SLA commitments. Add 15–20% cost contingency buffer. Consider a Discovery or POC engagement to de-r","isk."),_xlfn._LONGTEXT("ESCALATE — HIGH RISK: Escalate to Solutions Director and Head of Delivery for review. Identify a strategic partner to fill capability gaps. Evaluate whether scope can be phased. If pursuing, apply a risk premium to commercials and assign a dedicated Risk ","Manager. Do NOT commit without leadership approval."))),"Please complete all assessment steps.")
B40: Assessed by: ____________________________ Date: ________________ Approved by: ____________________________

Sheet Settings
A1: Risk Dimension | B1: Weight
A2: Development | B2: 0.35
A3: Time | B3: 0.35
A4: Operations | B4: 0.3
A6: Note: Ensure weights sum to 1 (100%). Adjust as needed.
